--
-- PostgreSQL database dump
--

-- Dumped from database version 15.1
-- Dumped by pg_dump version 15.1

-- Started on 2023-10-28 15:37:41

SET statement_timeout = 0;
SET lock_timeout = 0;
SET idle_in_transaction_session_timeout = 0;
SET client_encoding = 'UTF8';
SET standard_conforming_strings = on;
SELECT pg_catalog.set_config('search_path', '', false);
SET check_function_bodies = false;
SET xmloption = content;
SET client_min_messages = warning;
SET row_security = off;

--
-- TOC entry 4 (class 2615 OID 2200)
-- Name: public; Type: SCHEMA; Schema: -; Owner: pg_database_owner
--

CREATE SCHEMA public;


ALTER SCHEMA public OWNER TO pg_database_owner;

--
-- TOC entry 3360 (class 0 OID 0)
-- Dependencies: 4
-- Name: SCHEMA public; Type: COMMENT; Schema: -; Owner: pg_database_owner
--

COMMENT ON SCHEMA public IS 'standard public schema';


SET default_tablespace = '';

SET default_table_access_method = heap;

--
-- TOC entry 214 (class 1259 OID 16490)
-- Name: rates; Type: TABLE; Schema: public; Owner: postgres
--

CREATE TABLE public.rates (
    rate_id smallint NOT NULL,
    name character varying(50) NOT NULL,
    garage text NOT NULL,
    no_garage text NOT NULL,
    dt_created timestamp without time zone DEFAULT now(),
    dt_updated timestamp without time zone DEFAULT now()
);


ALTER TABLE public.rates OWNER TO postgres;

--
-- TOC entry 215 (class 1259 OID 16497)
-- Name: rates_rate_id_seq; Type: SEQUENCE; Schema: public; Owner: postgres
--

CREATE SEQUENCE public.rates_rate_id_seq
    START WITH 1
    INCREMENT BY 1
    NO MINVALUE
    NO MAXVALUE
    CACHE 1;


ALTER TABLE public.rates_rate_id_seq OWNER TO postgres;

--
-- TOC entry 3361 (class 0 OID 0)
-- Dependencies: 215
-- Name: rates_rate_id_seq; Type: SEQUENCE OWNED BY; Schema: public; Owner: postgres
--

ALTER SEQUENCE public.rates_rate_id_seq OWNED BY public.rates.rate_id;


--
-- TOC entry 216 (class 1259 OID 16498)
-- Name: rooms; Type: TABLE; Schema: public; Owner: postgres
--

CREATE TABLE public.rooms (
    room_no smallint NOT NULL,
    type character varying(50) NOT NULL,
    transaction_no character varying(50),
    status smallint
);


ALTER TABLE public.rooms OWNER TO postgres;

--
-- TOC entry 217 (class 1259 OID 16501)
-- Name: transaction_ref_no_seq; Type: SEQUENCE; Schema: public; Owner: postgres
--

CREATE SEQUENCE public.transaction_ref_no_seq
    START WITH 1
    INCREMENT BY 1
    NO MINVALUE
    NO MAXVALUE
    CACHE 1;


ALTER TABLE public.transaction_ref_no_seq OWNER TO postgres;

--
-- TOC entry 218 (class 1259 OID 16502)
-- Name: transactions; Type: TABLE; Schema: public; Owner: postgres
--

CREATE TABLE public.transactions (
    transaction_no character varying(50) DEFAULT format('TRN%s'::text, lpad((nextval('public.transaction_ref_no_seq'::regclass))::text, 10, '0'::text)) NOT NULL,
    room_no smallint NOT NULL,
    dt_check_in timestamp without time zone DEFAULT now(),
    dt_check_out timestamp without time zone,
    bill smallint,
    duration smallint,
    base_time smallint,
    additional_time smallint,
    rate_id smallint,
    cashier character varying(50),
    remarks text
);


ALTER TABLE public.transactions OWNER TO postgres;

--
-- TOC entry 219 (class 1259 OID 16509)
-- Name: users_id_seq; Type: SEQUENCE; Schema: public; Owner: postgres
--

CREATE SEQUENCE public.users_id_seq
    AS integer
    START WITH 1
    INCREMENT BY 1
    NO MINVALUE
    NO MAXVALUE
    CACHE 1;


ALTER TABLE public.users_id_seq OWNER TO postgres;

--
-- TOC entry 220 (class 1259 OID 16510)
-- Name: users; Type: TABLE; Schema: public; Owner: postgres
--

CREATE TABLE public.users (
    id integer DEFAULT nextval('public.users_id_seq'::regclass) NOT NULL,
    first_name character varying(50) NOT NULL,
    last_name character varying(50) NOT NULL,
    username character varying(50) NOT NULL,
    password character varying(100) NOT NULL,
    admin boolean DEFAULT false,
    dt_created timestamp without time zone DEFAULT now(),
    dt_updated timestamp without time zone DEFAULT now()
);


ALTER TABLE public.users OWNER TO postgres;

--
-- TOC entry 3187 (class 2604 OID 16528)
-- Name: rates rate_id; Type: DEFAULT; Schema: public; Owner: postgres
--

ALTER TABLE ONLY public.rates ALTER COLUMN rate_id SET DEFAULT nextval('public.rates_rate_id_seq'::regclass);


--
-- TOC entry 3348 (class 0 OID 16490)
-- Dependencies: 214
-- Data for Name: rates; Type: TABLE DATA; Schema: public; Owner: postgres
--

COPY public.rates (rate_id, name, garage, no_garage, dt_created, dt_updated) FROM stdin;
1	Default	{"hourly":"100","three":"300","six":"500","twelve":"900","twenty_four":"1200"}	{"hourly":"100","three":"250","six":"450","twelve":"700","twenty_four":"1000"}	2023-04-10 19:08:41.292715	2023-06-19 23:23:57.823366
3	Senior Discount	{"three":"240","six":"400","twelve":"640","twenty_four":"960","hourly":"80"}	{"three":"200","six":"360","twelve":"560","twenty_four":"800","hourly":"80"}	2023-04-12 18:46:07.957377	2023-04-12 18:46:07.957377
2	KCC Discount	{"hourly":"90","three":"270","six":"450","twelve":"720","twenty_four":"1080"}	{"hourly":"90","three":"180","six":"405","twelve":"540","twenty_four":"810"}	2023-04-12 18:36:32.546515	2023-07-24 23:17:51.218751
\.


--
-- TOC entry 3350 (class 0 OID 16498)
-- Dependencies: 216
-- Data for Name: rooms; Type: TABLE DATA; Schema: public; Owner: postgres
--

COPY public.rooms (room_no, type, transaction_no, status) FROM stdin;
131	no_garage	\N	1
135	no_garage	\N	1
255	no_garage	\N	1
115	garage	\N	1
128	no_garage	\N	1
129	no_garage	\N	1
130	no_garage	\N	1
259	no_garage	\N	1
260	no_garage	\N	1
267	no_garage	\N	1
132	no_garage	\N	1
133	no_garage	\N	1
142	no_garage	\N	1
138	no_garage	\N	1
117	garage	\N	1
103	garage	\N	1
101	garage	\N	1
134	no_garage	\N	1
136	no_garage	\N	1
137	no_garage	\N	1
139	no_garage	\N	1
141	no_garage	\N	1
143	no_garage	\N	1
244	no_garage	\N	1
245	no_garage	\N	1
246	no_garage	\N	1
102	garage	\N	1
247	no_garage	\N	1
248	no_garage	\N	1
249	no_garage	\N	1
250	no_garage	\N	1
251	no_garage	\N	1
252	no_garage	\N	1
116	garage	\N	1
253	no_garage	\N	1
254	no_garage	\N	1
256	no_garage	\N	1
257	no_garage	\N	1
258	no_garage	\N	1
261	no_garage	\N	1
262	no_garage	\N	1
263	no_garage	\N	1
264	no_garage	\N	1
266	no_garage	\N	1
268	no_garage	\N	1
118	garage	\N	1
140	no_garage	\N	1
104	garage	\N	1
124	garage	\N	1
120	garage	\N	1
105	garage	\N	1
111	garage	\N	1
113	garage	\N	1
107	garage	\N	1
108	garage	\N	1
119	garage	\N	1
121	garage	\N	1
122	garage	\N	1
123	garage	\N	1
109	garage	\N	1
110	garage	\N	1
112	garage	\N	1
114	garage	\N	1
125	garage	\N	1
126	garage	\N	1
127	garage	\N	1
265	no_garage	\N	1
106	garage	\N	1
\.


--
-- TOC entry 3352 (class 0 OID 16502)
-- Dependencies: 218
-- Data for Name: transactions; Type: TABLE DATA; Schema: public; Owner: postgres
--

COPY public.transactions (transaction_no, room_no, dt_check_in, dt_check_out, bill, duration, base_time, additional_time, rate_id, cashier, remarks) FROM stdin;
TRN0000000001	101	2023-09-10 15:35:23.202691	2023-09-10 16:08:55.62389	\N	\N	\N	\N	1	admin admin	Cancelled
TRN0000000017	116	2023-09-10 17:24:58.534127	2023-09-10 19:32:41.655105	\N	\N	\N	\N	1	admin admin	Cancelled
TRN0000000016	115	2023-09-10 17:24:57.229251	2023-09-10 19:32:52.152941	\N	\N	\N	\N	1	admin admin	Cancelled
TRN0000000002	101	2023-09-10 17:24:32.230194	2023-09-10 19:32:55.968939	\N	\N	\N	\N	1	admin admin	Cancelled
TRN0000000003	102	2023-09-10 17:24:35.0067	2023-09-10 19:32:58.343798	\N	\N	\N	\N	1	admin admin	Cancelled
TRN0000000018	117	2023-09-10 19:33:00.123262	2023-09-10 19:33:02.223879	\N	\N	\N	\N	1	admin admin	Cancelled
TRN0000000004	103	2023-09-10 17:24:39.93337	2023-09-10 19:33:04.64884	\N	\N	\N	\N	1	admin admin	Cancelled
TRN0000000005	104	2023-09-10 17:24:41.377577	2023-09-10 19:33:07.97305	\N	\N	\N	\N	1	admin admin	Cancelled
TRN0000000006	105	2023-09-10 17:24:42.625421	2023-09-10 19:33:10.244069	\N	\N	\N	\N	1	admin admin	Cancelled
TRN0000000007	106	2023-09-10 17:24:43.886692	2023-09-10 19:33:13.208362	\N	\N	\N	\N	1	admin admin	Cancelled
TRN0000000008	107	2023-09-10 17:24:45.032334	2023-09-10 19:33:17.127043	\N	\N	\N	\N	1	admin admin	Cancelled
TRN0000000009	108	2023-09-10 17:24:46.247906	2023-09-10 19:33:19.576091	\N	\N	\N	\N	1	admin admin	Cancelled
TRN0000000010	109	2023-09-10 17:24:47.367098	2023-09-10 19:33:22.339657	\N	\N	\N	\N	1	admin admin	Cancelled
TRN0000000011	110	2023-09-10 17:24:48.67018	2023-09-10 19:33:24.910484	\N	\N	\N	\N	1	admin admin	Cancelled
TRN0000000012	111	2023-09-10 17:24:49.865925	2023-09-10 19:33:27.324327	\N	\N	\N	\N	1	admin admin	Cancelled
TRN0000000013	112	2023-09-10 17:24:52.217903	2023-09-10 19:33:30.356552	\N	\N	\N	\N	1	admin admin	Cancelled
TRN0000000014	113	2023-09-10 17:24:53.767071	2023-09-10 19:33:32.503722	\N	\N	\N	\N	1	admin admin	Cancelled
TRN0000000015	114	2023-09-10 17:24:55.206452	2023-09-10 19:33:35.089435	\N	\N	\N	\N	1	admin admin	Cancelled
TRN0000000019	265	2023-09-10 19:33:44.006991	2023-09-10 19:33:46.273562	\N	\N	\N	\N	1	admin admin	Cancelled
TRN0000000020	127	2023-09-10 19:33:48.68337	2023-09-10 19:33:51.073025	\N	\N	\N	\N	1	admin admin	Cancelled
TRN0000000028	119	2023-09-10 19:34:03.582844	2023-09-10 19:34:05.69012	\N	\N	\N	\N	1	admin admin	Cancelled
TRN0000000027	120	2023-09-10 19:34:02.606579	2023-09-10 19:34:07.489393	\N	\N	\N	\N	1	admin admin	Cancelled
TRN0000000026	121	2023-09-10 19:34:01.704575	2023-09-10 19:34:09.233383	\N	\N	\N	\N	1	admin admin	Cancelled
TRN0000000025	122	2023-09-10 19:34:00.778742	2023-09-10 19:34:10.877941	\N	\N	\N	\N	1	admin admin	Cancelled
TRN0000000024	123	2023-09-10 19:33:59.906885	2023-09-10 19:34:12.408835	\N	\N	\N	\N	1	admin admin	Cancelled
TRN0000000023	124	2023-09-10 19:33:58.977695	2023-09-10 19:34:13.988616	\N	\N	\N	\N	1	admin admin	Cancelled
TRN0000000022	125	2023-09-10 19:33:57.968908	2023-09-10 19:34:15.583607	\N	\N	\N	\N	1	admin admin	Cancelled
TRN0000000021	126	2023-09-10 19:33:56.945861	2023-09-10 19:34:17.291942	\N	\N	\N	\N	1	admin admin	Cancelled
TRN0000000029	101	2023-09-10 19:38:25.465113	2023-09-10 19:38:32.784919	\N	\N	\N	\N	1	admin admin	Cancelled
TRN0000000030	102	2023-09-10 19:38:27.00947	2023-09-10 19:56:23.196393	\N	\N	\N	\N	1	admin admin	Cancelled
TRN0000000034	101	2023-09-10 20:03:49.536394	2023-09-10 20:03:52.417658	\N	\N	\N	\N	1	admin admin	Cancelled
TRN0000000033	102	2023-09-10 20:03:47.136958	2023-09-10 20:03:56.468473	\N	\N	\N	\N	1	admin admin	Cancelled
TRN0000000031	103	2023-09-10 19:38:28.321096	2023-09-10 20:19:12.922005	\N	\N	\N	\N	1	admin admin	Cancelled
TRN0000000032	104	2023-09-10 19:56:19.097104	2023-09-10 20:19:15.372201	\N	\N	\N	\N	1	admin admin	Cancelled
TRN0000000040	106	2023-09-10 20:19:40.134402	2023-09-10 20:19:42.793818	\N	\N	\N	\N	1	admin admin	Cancelled
TRN0000000039	105	2023-09-10 20:19:38.888604	2023-09-10 20:21:42.469183	\N	\N	\N	\N	1	admin admin	Cancelled
TRN0000000038	104	2023-09-10 20:19:37.749183	2023-09-10 20:26:42.534169	\N	\N	\N	\N	1	admin admin	Cancelled
TRN0000000037	103	2023-09-10 20:19:36.553603	2023-09-10 20:26:47.943635	\N	\N	\N	\N	1	admin admin	Cancelled
TRN0000000035	102	2023-09-10 20:19:32.110921	2023-09-10 20:26:54.634207	\N	\N	\N	\N	1	admin admin	Cancelled
TRN0000000036	101	2023-09-10 20:19:35.364498	2023-09-10 20:26:58.6206	\N	\N	\N	\N	1	admin admin	Cancelled
TRN0000000041	101	2023-09-10 20:38:43.417254	2023-09-10 20:39:21.339842	\N	\N	\N	\N	1	admin admin	Cancelled
TRN0000000042	101	2023-09-10 20:41:36.286636	2023-09-10 20:53:17.811642	\N	\N	\N	\N	1	admin admin	Cancelled
TRN0000000043	101	2023-09-10 20:56:54.066253	2023-09-10 20:57:02.46324	\N	\N	\N	\N	1	admin admin	Cancelled
TRN0000000044	102	2023-09-10 20:56:57.173228	2023-09-10 21:01:37.679111	\N	\N	\N	\N	1	admin admin	Cancelled
TRN0000000045	101	2023-09-10 21:01:41.401233	2023-09-10 21:01:54.509014	\N	\N	\N	\N	1	admin admin	Cancelled
TRN0000000046	102	2023-09-10 21:01:42.906471	2023-09-10 21:01:58.781245	\N	\N	\N	\N	1	admin admin	Cancelled
TRN0000000047	110	2023-09-10 21:01:46.790409	2023-09-10 21:02:02.123403	\N	\N	\N	\N	1	admin admin	Cancelled
TRN0000000048	119	2023-09-10 21:01:47.908103	2023-09-10 21:02:05.141261	\N	\N	\N	\N	1	admin admin	Cancelled
TRN0000000049	133	2023-09-10 21:01:49.696509	2023-09-10 21:02:09.11526	\N	\N	\N	\N	1	admin admin	Cancelled
TRN0000000050	101	2023-09-10 21:02:26.504091	2023-09-10 21:02:33.853676	\N	\N	\N	\N	1	admin admin	Cancelled
TRN0000000051	102	2023-09-10 21:02:28.339741	2023-09-10 21:02:36.332739	\N	\N	\N	\N	1	admin admin	Cancelled
TRN0000000052	103	2023-09-10 21:02:29.926346	2023-09-10 21:02:38.215402	\N	\N	\N	\N	1	admin admin	Cancelled
TRN0000000053	104	2023-09-10 21:02:31.458281	2023-09-10 21:02:41.051933	\N	\N	\N	\N	1	admin admin	Cancelled
TRN0000000060	132	2023-09-10 21:03:12.821143	2023-09-10 21:03:18.350345	\N	\N	\N	\N	1	admin admin	Cancelled
TRN0000000058	120	2023-09-10 21:03:10.48767	2023-09-10 21:03:21.794862	\N	\N	\N	\N	1	admin admin	Cancelled
TRN0000000061	134	2023-09-10 21:03:14.34385	2023-09-10 21:03:24.984521	\N	\N	\N	\N	1	admin admin	Cancelled
TRN0000000054	101	2023-09-10 21:03:05.945983	2023-09-10 21:03:27.953	\N	\N	\N	\N	1	admin admin	Cancelled
TRN0000000059	119	2023-09-10 21:03:11.476894	2023-09-10 21:03:32.708428	\N	\N	\N	\N	1	admin admin	Cancelled
TRN0000000055	102	2023-09-10 21:03:07.202146	2023-09-10 21:03:36.147617	\N	\N	\N	\N	1	admin admin	Cancelled
TRN0000000062	124	2023-09-10 21:03:30.101566	2023-09-10 21:05:09.376794	\N	\N	\N	\N	1	admin admin	Cancelled
TRN0000000068	247	2023-09-10 21:07:07.646375	2023-09-10 21:07:12.375589	\N	\N	\N	\N	1	admin admin	Cancelled
TRN0000000069	248	2023-09-10 21:07:08.6712	2023-09-10 21:07:14.291242	\N	\N	\N	\N	1	admin admin	Cancelled
TRN0000000070	249	2023-09-10 21:07:09.691266	2023-09-10 21:07:15.954402	\N	\N	\N	\N	1	admin admin	Cancelled
TRN0000000067	255	2023-09-10 21:07:06.545957	2023-09-10 21:07:17.565595	\N	\N	\N	\N	1	admin admin	Cancelled
TRN0000000066	256	2023-09-10 21:07:05.295251	2023-09-10 21:07:19.119223	\N	\N	\N	\N	1	admin admin	Cancelled
TRN0000000065	257	2023-09-10 21:07:04.023252	2023-09-10 21:07:20.742546	\N	\N	\N	\N	1	admin admin	Cancelled
TRN0000000064	264	2023-09-10 21:07:02.721784	2023-09-10 21:07:25.605393	\N	\N	\N	\N	1	admin admin	Cancelled
TRN0000000056	103	2023-09-10 21:03:08.300434	2023-09-10 21:07:29.619957	\N	\N	\N	\N	1	admin admin	Cancelled
TRN0000000057	104	2023-09-10 21:03:09.564015	2023-09-10 21:07:35.445576	\N	\N	\N	\N	1	admin admin	Cancelled
TRN0000000063	111	2023-09-10 21:05:04.522238	2023-09-10 21:07:37.339853	\N	\N	\N	\N	1	admin admin	Cancelled
TRN0000000071	101	2023-09-30 12:54:35.899975	2023-09-30 12:54:40.477162	\N	\N	\N	\N	1	admin admin	Cancelled
TRN0000000074	102	2023-09-30 13:12:30.697259	2023-09-30 13:12:37.989509	\N	\N	\N	\N	1	admin admin	Cancelled
TRN0000000075	103	2023-09-30 13:12:33.278312	2023-09-30 13:12:40.898804	\N	\N	\N	\N	1	admin admin	Cancelled
TRN0000000076	104	2023-09-30 13:12:46.376852	2023-09-30 13:12:56.920548	\N	\N	\N	\N	1	admin admin	Cancelled
TRN0000000073	115	2023-09-30 13:06:42.233878	2023-09-30 13:13:31.29094	\N	\N	\N	\N	1	admin admin	Cancelled
TRN0000000079	131	2023-09-30 13:13:48.089368	2023-09-30 13:13:54.454111	\N	\N	\N	\N	1	admin admin	Cancelled
TRN0000000087	136	2023-09-30 13:34:03.288796	2023-09-30 14:53:17.364973	\N	\N	\N	\N	1	admin admin	Cancelled
TRN0000000086	267	2023-09-30 13:23:34.084318	2023-09-30 14:53:25.35096	\N	\N	\N	\N	1	admin admin	Cancelled
TRN0000000084	253	2023-09-30 13:23:27.385203	2023-09-30 14:53:27.523393	\N	\N	\N	\N	1	admin admin	Cancelled
TRN0000000082	141	2023-09-30 13:23:04.331947	2023-09-30 14:53:35.281425	\N	\N	\N	\N	1	admin admin	Cancelled
TRN0000000081	138	2023-09-30 13:23:02.454066	2023-09-30 14:53:40.924313	\N	\N	\N	\N	1	admin admin	Cancelled
TRN0000000083	126	2023-09-30 13:23:19.88729	2023-09-30 14:53:47.440324	\N	\N	\N	\N	1	admin admin	Cancelled
TRN0000000077	105	2023-09-30 13:12:53.28195	2023-09-30 14:53:57.743655	\N	\N	\N	\N	1	admin admin	Cancelled
TRN0000000072	101	2023-09-30 13:06:39.710384	2023-09-30 17:12:47.876911	300	3	3	0	1	admin admin	\N
TRN0000000088	133	2023-09-30 14:00:36.88559	2023-09-30 14:00:56.675239	\N	\N	\N	\N	1	admin admin	Cancelled
TRN0000000089	133	2023-09-30 14:01:24.54641	2023-09-30 14:01:30.037451	\N	\N	\N	\N	1	admin admin	Cancelled
TRN0000000090	133	2023-09-30 14:03:15.695421	2023-09-30 14:03:19.635275	\N	\N	\N	\N	1	admin admin	Cancelled
TRN0000000091	264	2023-09-30 14:03:52.484478	2023-09-30 14:03:57.055031	\N	\N	\N	\N	1	admin admin	Cancelled
TRN0000000092	263	2023-09-30 14:07:23.507073	2023-09-30 14:07:30.560607	\N	\N	\N	\N	1	admin admin	Cancelled
TRN0000000093	260	2023-09-30 14:11:22.017237	2023-09-30 14:11:28.612095	\N	\N	\N	\N	1	admin admin	Cancelled
TRN0000000095	265	2023-09-30 14:31:14.707555	2023-09-30 14:31:19.7094	\N	\N	\N	\N	1	admin admin	Cancelled
TRN0000000094	266	2023-09-30 14:31:13.158882	2023-09-30 14:31:21.438501	\N	\N	\N	\N	1	admin admin	Cancelled
TRN0000000085	249	2023-09-30 13:23:29.745732	2023-09-30 14:50:11.686825	\N	\N	\N	\N	1	admin admin	Cancelled
TRN0000000078	132	2023-09-30 13:13:43.84225	2023-09-30 14:53:19.343741	\N	\N	\N	\N	1	admin admin	Cancelled
TRN0000000080	127	2023-09-30 13:23:00.693717	2023-09-30 14:53:44.94344	\N	\N	\N	\N	1	admin admin	Cancelled
TRN0000000096	102	2023-09-30 15:20:39.811072	2023-09-30 15:22:57.034341	\N	\N	\N	\N	1	admin admin	Cancelled
TRN0000000097	103	2023-09-30 15:20:42.06533	2023-09-30 15:23:34.661626	\N	\N	\N	\N	1	admin admin	Cancelled
TRN0000000098	104	2023-09-30 15:20:43.509662	2023-09-30 15:23:37.01816	\N	\N	\N	\N	1	admin admin	Cancelled
TRN0000000099	105	2023-09-30 15:20:44.802257	2023-09-30 15:23:42.110669	\N	\N	\N	\N	1	admin admin	Cancelled
TRN0000000100	106	2023-09-30 15:20:46.116452	2023-09-30 15:23:46.827348	\N	\N	\N	\N	1	admin admin	Cancelled
TRN0000000101	107	2023-09-30 15:20:47.314887	2023-09-30 15:23:49.827487	\N	\N	\N	\N	1	admin admin	Cancelled
TRN0000000102	108	2023-09-30 15:20:48.485202	2023-09-30 15:23:52.045462	\N	\N	\N	\N	1	admin admin	Cancelled
TRN0000000103	109	2023-09-30 15:20:49.62122	2023-09-30 15:23:53.945333	\N	\N	\N	\N	1	admin admin	Cancelled
TRN0000000104	110	2023-09-30 15:20:50.783357	2023-09-30 15:23:56.021441	\N	\N	\N	\N	1	admin admin	Cancelled
TRN0000000105	111	2023-09-30 15:20:51.940089	2023-09-30 15:24:02.921291	\N	\N	\N	\N	1	admin admin	Cancelled
TRN0000000106	112	2023-09-30 15:20:53.044608	2023-09-30 15:24:05.192057	\N	\N	\N	\N	1	admin admin	Cancelled
TRN0000000107	113	2023-09-30 15:20:54.162219	2023-09-30 15:24:07.119461	\N	\N	\N	\N	1	admin admin	Cancelled
TRN0000000108	114	2023-09-30 15:20:55.347415	2023-09-30 15:24:09.118351	\N	\N	\N	\N	1	admin admin	Cancelled
TRN0000000109	115	2023-09-30 15:20:58.237728	2023-09-30 15:24:11.960342	\N	\N	\N	\N	1	admin admin	Cancelled
TRN0000000110	116	2023-09-30 15:20:59.44844	2023-09-30 15:24:13.854991	\N	\N	\N	\N	1	admin admin	Cancelled
TRN0000000111	117	2023-09-30 15:21:00.850739	2023-09-30 15:24:16.680991	\N	\N	\N	\N	1	admin admin	Cancelled
TRN0000000112	118	2023-09-30 15:21:01.936369	2023-09-30 15:24:18.505892	\N	\N	\N	\N	1	admin admin	Cancelled
TRN0000000113	119	2023-09-30 15:21:02.973934	2023-09-30 15:24:20.258417	\N	\N	\N	\N	1	admin admin	Cancelled
TRN0000000114	120	2023-09-30 15:21:04.103414	2023-09-30 15:24:25.989378	\N	\N	\N	\N	1	admin admin	Cancelled
TRN0000000115	121	2023-09-30 15:21:05.204458	2023-09-30 15:24:31.213134	\N	\N	\N	\N	1	admin admin	Cancelled
TRN0000000116	122	2023-09-30 15:21:06.322427	2023-09-30 15:24:45.408908	\N	\N	\N	\N	1	admin admin	Cancelled
TRN0000000117	123	2023-09-30 15:21:07.493118	2023-09-30 15:24:47.366172	\N	\N	\N	\N	1	admin admin	Cancelled
TRN0000000118	124	2023-09-30 15:21:09.382897	2023-09-30 15:24:56.657042	\N	\N	\N	\N	1	admin admin	Cancelled
TRN0000000119	125	2023-09-30 15:21:11.647746	2023-09-30 15:24:58.703524	\N	\N	\N	\N	1	admin admin	Cancelled
TRN0000000120	126	2023-09-30 15:21:13.041462	2023-09-30 15:25:02.126042	\N	\N	\N	\N	1	admin admin	Cancelled
TRN0000000121	127	2023-09-30 15:21:15.09429	2023-09-30 15:25:05.123189	\N	\N	\N	\N	1	admin admin	Cancelled
TRN0000000122	128	2023-09-30 15:21:16.953502	2023-09-30 15:25:08.808301	\N	\N	\N	\N	1	admin admin	Cancelled
TRN0000000123	129	2023-09-30 15:21:22.886127	2023-09-30 15:25:12.922621	\N	\N	\N	\N	1	admin admin	Cancelled
TRN0000000124	130	2023-09-30 15:21:25.530793	2023-09-30 15:25:32.846062	\N	\N	\N	\N	1	admin admin	Cancelled
TRN0000000125	131	2023-09-30 15:21:28.658537	2023-09-30 15:25:35.046999	\N	\N	\N	\N	1	admin admin	Cancelled
TRN0000000126	132	2023-09-30 15:21:30.265858	2023-09-30 15:25:36.690572	\N	\N	\N	\N	1	admin admin	Cancelled
TRN0000000127	133	2023-09-30 15:21:31.548206	2023-09-30 15:25:38.676088	\N	\N	\N	\N	1	admin admin	Cancelled
TRN0000000128	134	2023-09-30 15:21:38.738062	2023-09-30 15:25:40.700816	\N	\N	\N	\N	1	admin admin	Cancelled
TRN0000000129	135	2023-09-30 15:21:40.879542	2023-09-30 15:25:42.335185	\N	\N	\N	\N	1	admin admin	Cancelled
TRN0000000130	136	2023-09-30 15:21:43.363718	2023-09-30 15:25:44.124835	\N	\N	\N	\N	1	admin admin	Cancelled
TRN0000000131	137	2023-09-30 15:21:45.441967	2023-09-30 15:25:46.019914	\N	\N	\N	\N	1	admin admin	Cancelled
TRN0000000132	138	2023-09-30 15:21:53.988396	2023-09-30 15:25:50.225619	\N	\N	\N	\N	1	admin admin	Cancelled
TRN0000000133	139	2023-09-30 15:21:55.595016	2023-09-30 15:25:52.338494	\N	\N	\N	\N	1	admin admin	Cancelled
TRN0000000134	140	2023-09-30 15:21:56.871336	2023-09-30 15:25:54.418173	\N	\N	\N	\N	1	admin admin	Cancelled
TRN0000000135	141	2023-09-30 15:21:58.357707	2023-09-30 15:25:56.259948	\N	\N	\N	\N	1	admin admin	Cancelled
TRN0000000136	142	2023-09-30 15:21:59.997768	2023-09-30 15:25:57.996682	\N	\N	\N	\N	1	admin admin	Cancelled
TRN0000000137	143	2023-09-30 15:22:01.712097	2023-09-30 15:26:01.821879	\N	\N	\N	\N	1	admin admin	Cancelled
TRN0000000138	244	2023-09-30 15:22:07.059846	2023-09-30 15:26:04.159155	\N	\N	\N	\N	1	admin admin	Cancelled
TRN0000000139	245	2023-09-30 15:22:08.594415	2023-09-30 15:26:06.1399	\N	\N	\N	\N	1	admin admin	Cancelled
TRN0000000140	246	2023-09-30 15:22:10.067188	2023-09-30 15:26:08.279286	\N	\N	\N	\N	1	admin admin	Cancelled
TRN0000000141	247	2023-09-30 15:22:11.428919	2023-09-30 15:26:13.474757	\N	\N	\N	\N	1	admin admin	Cancelled
TRN0000000142	248	2023-09-30 15:22:12.54786	2023-09-30 15:26:15.106081	\N	\N	\N	\N	1	admin admin	Cancelled
TRN0000000143	249	2023-09-30 15:22:13.644776	2023-09-30 15:26:16.866741	\N	\N	\N	\N	1	admin admin	Cancelled
TRN0000000144	250	2023-09-30 15:22:15.134665	2023-09-30 15:26:18.433574	\N	\N	\N	\N	1	admin admin	Cancelled
TRN0000000145	251	2023-09-30 15:22:17.272113	2023-09-30 15:26:20.217073	\N	\N	\N	\N	1	admin admin	Cancelled
TRN0000000146	252	2023-09-30 15:22:18.679306	2023-09-30 15:26:22.114301	\N	\N	\N	\N	1	admin admin	Cancelled
TRN0000000147	253	2023-09-30 15:22:20.154538	2023-09-30 15:26:24.733071	\N	\N	\N	\N	1	admin admin	Cancelled
TRN0000000148	254	2023-09-30 15:22:21.425535	2023-09-30 15:26:26.914677	\N	\N	\N	\N	1	admin admin	Cancelled
TRN0000000149	255	2023-09-30 15:22:22.646817	2023-09-30 15:26:28.841401	\N	\N	\N	\N	1	admin admin	Cancelled
TRN0000000150	256	2023-09-30 15:22:23.836446	2023-09-30 15:26:32.365422	\N	\N	\N	\N	1	admin admin	Cancelled
TRN0000000151	257	2023-09-30 15:22:25.082032	2023-09-30 15:26:34.693374	\N	\N	\N	\N	1	admin admin	Cancelled
TRN0000000152	258	2023-09-30 15:22:26.179501	2023-09-30 15:26:37.166925	\N	\N	\N	\N	1	admin admin	Cancelled
TRN0000000153	259	2023-09-30 15:22:27.767216	2023-09-30 15:26:39.443884	\N	\N	\N	\N	1	admin admin	Cancelled
TRN0000000154	260	2023-09-30 15:22:29.118031	2023-09-30 15:26:41.607948	\N	\N	\N	\N	1	admin admin	Cancelled
TRN0000000155	261	2023-09-30 15:22:30.404813	2023-09-30 15:26:43.724443	\N	\N	\N	\N	1	admin admin	Cancelled
TRN0000000156	262	2023-09-30 15:22:32.445903	2023-09-30 15:26:45.694592	\N	\N	\N	\N	1	admin admin	Cancelled
TRN0000000157	263	2023-09-30 15:22:33.673416	2023-09-30 15:26:47.473049	\N	\N	\N	\N	1	admin admin	Cancelled
TRN0000000158	264	2023-09-30 15:22:34.846623	2023-09-30 15:26:49.352668	\N	\N	\N	\N	1	admin admin	Cancelled
TRN0000000159	265	2023-09-30 15:22:35.951499	2023-09-30 15:26:51.203869	\N	\N	\N	\N	1	admin admin	Cancelled
TRN0000000160	266	2023-09-30 15:22:37.029908	2023-09-30 15:26:52.909951	\N	\N	\N	\N	1	admin admin	Cancelled
TRN0000000161	267	2023-09-30 15:22:38.414883	2023-09-30 15:26:55.572624	\N	\N	\N	\N	1	admin admin	Cancelled
TRN0000000162	102	2023-09-30 16:14:23.586216	2023-09-30 16:14:26.327515	\N	\N	\N	\N	1	admin admin	Cancelled
TRN0000000163	102	2023-09-30 16:21:14.15148	2023-09-30 16:21:17.583015	\N	\N	\N	\N	1	admin admin	Cancelled
TRN0000000167	105	2023-09-30 16:22:11.491929	2023-09-30 16:22:14.539051	\N	\N	\N	\N	1	admin admin	Cancelled
TRN0000000166	104	2023-09-30 16:22:10.282718	2023-09-30 16:22:16.917833	\N	\N	\N	\N	1	admin admin	Cancelled
TRN0000000168	106	2023-09-30 16:22:20.085679	2023-09-30 16:22:24.322163	\N	\N	\N	\N	1	admin admin	Cancelled
TRN0000000165	103	2023-09-30 16:22:08.844904	2023-09-30 16:27:38.885933	\N	\N	\N	\N	1	admin admin	Cancelled
TRN0000000170	108	2023-09-30 16:22:27.638554	2023-09-30 17:12:09.257723	\N	\N	\N	\N	1	admin admin	Cancelled
TRN0000000172	104	2023-09-30 16:22:35.756845	2023-09-30 16:22:43.287997	\N	\N	\N	\N	1	admin admin	Cancelled
TRN0000000173	105	2023-09-30 16:22:37.088758	2023-09-30 16:22:45.627908	\N	\N	\N	\N	1	admin admin	Cancelled
TRN0000000174	106	2023-09-30 16:22:38.385694	2023-09-30 16:22:47.529977	\N	\N	\N	\N	1	admin admin	Cancelled
TRN0000000169	107	2023-09-30 16:22:25.953217	2023-09-30 16:22:53.089309	\N	\N	\N	\N	1	admin admin	Cancelled
TRN0000000164	102	2023-09-30 16:21:31.107076	2023-09-30 16:27:00.480226	\N	\N	\N	\N	1	admin admin	Cancelled
TRN0000000171	109	2023-09-30 16:22:28.772707	2023-09-30 16:32:52.064402	\N	\N	\N	\N	1	admin admin	Cancelled
TRN0000000181	123	2023-09-30 16:33:44.895035	2023-09-30 16:33:51.341018	\N	\N	\N	\N	1	admin admin	Cancelled
TRN0000000191	267	2023-09-30 16:34:30.969384	2023-09-30 16:34:44.323559	\N	\N	\N	\N	1	admin admin	Cancelled
TRN0000000189	265	2023-09-30 16:34:28.253526	2023-09-30 17:02:46.630087	\N	\N	\N	\N	1	admin admin	Cancelled
TRN0000000190	266	2023-09-30 16:34:29.504153	2023-09-30 17:03:09.614054	\N	\N	\N	\N	1	admin admin	Cancelled
TRN0000000180	122	2023-09-30 16:33:43.832342	2023-09-30 17:11:42.111479	\N	\N	\N	\N	1	admin admin	Cancelled
TRN0000000179	121	2023-09-30 16:33:42.650772	2023-09-30 17:11:44.560973	\N	\N	\N	\N	1	admin admin	Cancelled
TRN0000000192	120	2023-09-30 16:34:37.786052	2023-09-30 17:11:53.424401	\N	\N	\N	\N	1	admin admin	Cancelled
TRN0000000175	104	2023-09-30 16:26:54.075929	2023-09-30 17:11:55.329229	\N	\N	\N	\N	1	admin admin	Cancelled
TRN0000000176	105	2023-09-30 16:26:55.548234	2023-09-30 17:11:57.083835	\N	\N	\N	\N	1	admin admin	Cancelled
TRN0000000177	106	2023-09-30 16:26:56.707433	2023-09-30 17:12:02.733054	\N	\N	\N	\N	1	admin admin	Cancelled
TRN0000000178	107	2023-09-30 16:26:57.885877	2023-09-30 17:12:06.634849	\N	\N	\N	\N	1	admin admin	Cancelled
TRN0000000186	251	2023-09-30 16:34:21.686304	2023-09-30 17:12:23.183652	\N	\N	\N	\N	1	admin admin	Cancelled
TRN0000000187	252	2023-09-30 16:34:22.898256	2023-09-30 17:12:25.197823	\N	\N	\N	\N	1	admin admin	Cancelled
TRN0000000188	253	2023-09-30 16:34:24.149122	2023-09-30 17:12:26.988027	\N	\N	\N	\N	1	admin admin	Cancelled
TRN0000000185	143	2023-09-30 16:34:14.858022	2023-09-30 17:12:34.583616	\N	\N	\N	\N	1	admin admin	Cancelled
TRN0000000184	142	2023-09-30 16:34:13.301467	2023-09-30 17:12:36.59096	\N	\N	\N	\N	1	admin admin	Cancelled
TRN0000000183	141	2023-09-30 16:34:11.4583	2023-09-30 17:12:38.50283	\N	\N	\N	\N	1	admin admin	Cancelled
TRN0000000182	140	2023-09-30 16:34:10.023482	2023-09-30 17:12:40.716802	\N	\N	\N	\N	1	admin admin	Cancelled
TRN0000000193	101	2023-09-30 17:26:21.474867	2023-09-30 17:26:27.053944	\N	\N	\N	\N	1	admin admin	Cancelled
TRN0000000194	102	2023-09-30 17:26:22.64701	2023-09-30 17:26:30.103249	\N	\N	\N	\N	1	admin admin	Cancelled
TRN0000000195	103	2023-09-30 17:26:23.913384	2023-09-30 17:26:32.8875	\N	\N	\N	\N	1	admin admin	Cancelled
TRN0000000196	104	2023-09-30 17:26:25.255611	2023-09-30 17:26:34.722	\N	\N	\N	\N	1	admin admin	Cancelled
TRN0000000197	101	2023-09-30 17:28:16.819455	2023-09-30 17:28:22.914882	\N	\N	\N	\N	1	admin admin	Cancelled
TRN0000000198	102	2023-09-30 17:28:18.474379	2023-09-30 17:28:24.758847	\N	\N	\N	\N	1	admin admin	Cancelled
TRN0000000199	103	2023-09-30 17:28:19.632494	2023-09-30 17:28:27.404056	\N	\N	\N	\N	1	admin admin	Cancelled
TRN0000000200	104	2023-09-30 17:28:20.803001	2023-09-30 17:28:35.084972	\N	\N	\N	\N	1	admin admin	Cancelled
TRN0000000201	105	2023-09-30 17:28:29.288533	2023-09-30 17:28:37.585919	\N	\N	\N	\N	1	admin admin	Cancelled
TRN0000000202	106	2023-09-30 17:28:30.484579	2023-09-30 17:28:40.094784	\N	\N	\N	\N	1	admin admin	Cancelled
TRN0000000207	111	2023-09-30 17:34:21.826712	2023-09-30 17:34:26.779278	\N	\N	\N	\N	1	admin admin	Cancelled
TRN0000000203	107	2023-09-30 17:28:31.804103	2023-10-07 11:59:35.318714	300	3	3	0	1	admin admin	\N
TRN0000000204	108	2023-09-30 17:32:17.535804	2023-10-07 11:59:36.415625	300	3	3	0	1	admin admin	\N
TRN0000000205	109	2023-09-30 17:34:18.957274	2023-10-07 11:59:37.493852	300	3	3	0	1	admin admin	\N
TRN0000000206	110	2023-09-30 17:34:20.295673	2023-10-07 11:59:38.693741	300	3	3	0	1	admin admin	\N
TRN0000000211	101	2023-10-07 12:27:10.875491	2023-10-07 12:27:34.062969	\N	\N	\N	\N	1	admin admin	Cancelled
TRN0000000212	102	2023-10-07 12:27:12.368228	2023-10-07 12:28:17.964917	\N	\N	\N	\N	1	admin admin	Cancelled
TRN0000000213	103	2023-10-07 12:27:13.441265	2023-10-07 12:38:13.338876	\N	\N	\N	\N	1	admin admin	Cancelled
TRN0000000214	104	2023-10-07 12:27:14.59114	2023-10-07 12:38:21.290563	\N	\N	\N	\N	1	admin admin	Cancelled
TRN0000000215	105	2023-10-07 12:27:15.723216	2023-10-07 12:38:28.363685	\N	\N	\N	\N	1	admin admin	Cancelled
TRN0000000216	106	2023-10-07 12:27:16.838537	2023-10-07 12:38:34.219474	\N	\N	\N	\N	1	admin admin	Cancelled
TRN0000000217	107	2023-10-07 12:27:17.954446	2023-10-07 12:38:38.800819	\N	\N	\N	\N	1	admin admin	Cancelled
TRN0000000218	108	2023-10-07 12:27:19.189465	2023-10-07 12:38:41.97172	\N	\N	\N	\N	1	admin admin	Cancelled
TRN0000000219	109	2023-10-07 12:27:20.213311	2023-10-07 12:38:44.332666	\N	\N	\N	\N	1	admin admin	Cancelled
TRN0000000220	110	2023-10-07 12:27:21.238141	2023-10-07 12:38:46.402687	\N	\N	\N	\N	1	admin admin	Cancelled
TRN0000000221	111	2023-10-07 12:27:22.356505	2023-10-07 12:38:48.856713	\N	\N	\N	\N	1	admin admin	Cancelled
TRN0000000222	112	2023-10-07 12:27:23.52916	2023-10-07 12:38:51.015101	\N	\N	\N	\N	1	admin admin	Cancelled
TRN0000000223	113	2023-10-07 12:27:24.83133	2023-10-07 12:38:53.743546	\N	\N	\N	\N	1	admin admin	Cancelled
TRN0000000224	114	2023-10-07 12:27:26.2092	2023-10-07 12:38:56.689192	\N	\N	\N	\N	1	admin admin	Cancelled
TRN0000000226	116	2023-10-07 12:27:29.586787	2023-10-07 12:39:00.224542	\N	\N	\N	\N	1	admin admin	Cancelled
TRN0000000225	115	2023-10-07 12:27:28.398754	2023-10-07 12:39:03.813009	\N	\N	\N	\N	1	admin admin	Cancelled
TRN0000000229	103	2023-10-07 12:53:04.596077	2023-10-07 12:53:10.83949	\N	\N	\N	\N	1	admin admin	Cancelled
TRN0000000228	102	2023-10-07 12:53:03.111861	2023-10-07 12:53:12.86358	\N	\N	\N	\N	1	admin admin	Cancelled
TRN0000000227	101	2023-10-07 12:52:56.035625	2023-10-07 12:53:14.950546	\N	\N	\N	\N	1	admin admin	Cancelled
TRN0000000230	101	2023-10-07 12:53:29.552858	2023-10-07 12:53:50.050776	\N	\N	\N	\N	1	admin admin	Cancelled
TRN0000000231	102	2023-10-07 12:53:30.688725	2023-10-07 12:53:52.796136	\N	\N	\N	\N	1	admin admin	Cancelled
TRN0000000232	103	2023-10-07 12:53:32.129169	2023-10-07 12:53:54.886769	\N	\N	\N	\N	1	admin admin	Cancelled
TRN0000000233	104	2023-10-07 12:53:33.317951	2023-10-07 12:53:56.712764	\N	\N	\N	\N	1	admin admin	Cancelled
TRN0000000234	105	2023-10-07 12:53:34.518499	2023-10-07 12:53:58.488864	\N	\N	\N	\N	1	admin admin	Cancelled
TRN0000000235	106	2023-10-07 12:53:35.650307	2023-10-07 12:54:00.484365	\N	\N	\N	\N	1	admin admin	Cancelled
TRN0000000236	107	2023-10-07 12:53:36.800702	2023-10-07 12:54:02.274859	\N	\N	\N	\N	1	admin admin	Cancelled
TRN0000000237	108	2023-10-07 12:53:37.947602	2023-10-07 12:54:03.976279	\N	\N	\N	\N	1	admin admin	Cancelled
TRN0000000238	109	2023-10-07 12:53:39.016473	2023-10-07 12:54:05.815534	\N	\N	\N	\N	1	admin admin	Cancelled
TRN0000000239	110	2023-10-07 12:53:40.353791	2023-10-07 12:54:07.639768	\N	\N	\N	\N	1	admin admin	Cancelled
TRN0000000240	111	2023-10-07 12:53:41.453885	2023-10-07 12:54:09.525717	\N	\N	\N	\N	1	admin admin	Cancelled
TRN0000000241	112	2023-10-07 12:53:42.545682	2023-10-07 12:54:11.822455	\N	\N	\N	\N	1	admin admin	Cancelled
TRN0000000242	113	2023-10-07 12:53:43.717374	2023-10-07 12:54:14.017843	\N	\N	\N	\N	1	admin admin	Cancelled
TRN0000000243	114	2023-10-07 12:53:45.075799	2023-10-07 12:54:16.037812	\N	\N	\N	\N	1	admin admin	Cancelled
TRN0000000244	115	2023-10-07 12:53:46.36861	2023-10-07 12:54:18.109764	\N	\N	\N	\N	1	admin admin	Cancelled
TRN0000000245	116	2023-10-07 12:53:47.730273	2023-10-07 12:54:20.762312	\N	\N	\N	\N	1	admin admin	Cancelled
TRN0000000248	103	2023-10-07 13:00:05.836382	2023-10-07 13:00:26.798559	\N	\N	\N	\N	1	admin admin	Cancelled
TRN0000000249	104	2023-10-07 13:00:06.912389	2023-10-07 13:00:28.41462	\N	\N	\N	\N	1	admin admin	Cancelled
TRN0000000250	105	2023-10-07 13:00:08.115309	2023-10-07 13:00:30.137999	\N	\N	\N	\N	1	admin admin	Cancelled
TRN0000000251	106	2023-10-07 13:00:09.190606	2023-10-07 13:00:31.943222	\N	\N	\N	\N	1	admin admin	Cancelled
TRN0000000253	108	2023-10-07 13:00:11.382902	2023-10-07 13:00:35.574231	\N	\N	\N	\N	1	admin admin	Cancelled
TRN0000000254	109	2023-10-07 13:00:12.391647	2023-10-07 13:00:37.243807	\N	\N	\N	\N	1	admin admin	Cancelled
TRN0000000255	110	2023-10-07 13:00:13.443198	2023-10-07 13:00:39.007945	\N	\N	\N	\N	1	admin admin	Cancelled
TRN0000000208	267	2023-10-07 12:27:04.386765	2023-10-07 14:12:49.349415	\N	\N	\N	\N	1	admin admin	Cancelled
TRN0000000210	265	2023-10-07 12:27:08.03064	2023-10-07 14:12:50.995663	\N	\N	\N	\N	1	admin admin	Cancelled
TRN0000000209	266	2023-10-07 12:27:06.447378	2023-10-07 14:12:52.50255	\N	\N	\N	\N	1	admin admin	Cancelled
TRN0000000246	101	2023-10-07 13:00:03.05387	2023-10-07 13:00:23.181149	\N	\N	\N	\N	1	admin admin	Cancelled
TRN0000000247	102	2023-10-07 13:00:04.680832	2023-10-07 13:00:25.199191	\N	\N	\N	\N	1	admin admin	Cancelled
TRN0000000252	107	2023-10-07 13:00:10.284415	2023-10-07 13:00:33.767672	\N	\N	\N	\N	1	admin admin	Cancelled
TRN0000000256	111	2023-10-07 13:00:14.46589	2023-10-07 13:00:41.497882	\N	\N	\N	\N	1	admin admin	Cancelled
TRN0000000257	112	2023-10-07 13:00:15.512098	2023-10-07 13:00:43.341341	\N	\N	\N	\N	1	admin admin	Cancelled
TRN0000000258	113	2023-10-07 13:00:16.626011	2023-10-07 13:00:45.459992	\N	\N	\N	\N	1	admin admin	Cancelled
TRN0000000259	114	2023-10-07 13:00:17.872706	2023-10-07 13:00:47.42624	\N	\N	\N	\N	1	admin admin	Cancelled
TRN0000000260	115	2023-10-07 13:00:19.130994	2023-10-07 13:00:49.285056	\N	\N	\N	\N	1	admin admin	Cancelled
TRN0000000261	116	2023-10-07 13:00:20.438034	2023-10-07 13:00:50.964042	\N	\N	\N	\N	1	admin admin	Cancelled
TRN0000000262	101	2023-10-07 14:50:55.210049	2023-10-07 14:51:05.741243	\N	\N	\N	\N	1	admin admin	Cancelled
TRN0000000263	102	2023-10-07 14:50:57.404755	2023-10-07 14:51:08.095072	\N	\N	\N	\N	1	admin admin	Cancelled
TRN0000000264	103	2023-10-07 14:50:58.573591	2023-10-07 14:51:10.078619	\N	\N	\N	\N	1	admin admin	Cancelled
TRN0000000265	104	2023-10-07 14:51:00.859494	2023-10-07 14:51:11.786749	\N	\N	\N	\N	1	admin admin	Cancelled
TRN0000000266	105	2023-10-07 14:51:02.087584	2023-10-07 14:51:18.661212	\N	\N	\N	\N	1	admin admin	Cancelled
TRN0000000267	106	2023-10-07 14:51:03.431985	2023-10-07 14:51:28.810408	\N	\N	\N	\N	1	admin admin	Cancelled
TRN0000000268	101	2023-10-07 14:51:43.753093	2023-10-07 14:52:03.55443	\N	\N	\N	\N	1	admin admin	Cancelled
TRN0000000269	102	2023-10-07 14:51:45.07274	2023-10-07 14:52:08.528699	\N	\N	\N	\N	1	admin admin	Cancelled
TRN0000000270	103	2023-10-07 14:51:46.242925	2023-10-07 14:53:12.202108	\N	\N	\N	\N	1	admin admin	Cancelled
TRN0000000271	104	2023-10-07 14:51:47.336462	2023-10-07 14:53:17.258911	\N	\N	\N	\N	1	admin admin	Cancelled
TRN0000000272	105	2023-10-07 14:51:48.510761	2023-10-07 14:53:20.470335	\N	\N	\N	\N	1	admin admin	Cancelled
TRN0000000273	106	2023-10-07 14:51:49.616597	2023-10-07 14:53:22.873966	\N	\N	\N	\N	1	admin admin	Cancelled
TRN0000000274	107	2023-10-07 14:51:50.859912	2023-10-07 14:53:25.811782	\N	\N	\N	\N	1	admin admin	Cancelled
TRN0000000275	108	2023-10-07 14:51:51.940449	2023-10-07 14:53:27.858309	\N	\N	\N	\N	1	admin admin	Cancelled
TRN0000000276	109	2023-10-07 14:51:52.988684	2023-10-07 14:53:29.731698	\N	\N	\N	\N	1	admin admin	Cancelled
TRN0000000277	110	2023-10-07 14:51:54.0759	2023-10-07 14:53:35.701994	\N	\N	\N	\N	1	admin admin	Cancelled
TRN0000000278	111	2023-10-07 14:51:55.143692	2023-10-07 14:53:37.807303	\N	\N	\N	\N	1	admin admin	Cancelled
TRN0000000279	112	2023-10-07 14:51:56.309951	2023-10-07 14:53:41.169937	\N	\N	\N	\N	1	admin admin	Cancelled
TRN0000000280	113	2023-10-07 14:51:57.436684	2023-10-07 14:53:43.168191	\N	\N	\N	\N	1	admin admin	Cancelled
TRN0000000281	114	2023-10-07 14:51:58.677052	2023-10-07 14:53:45.386532	\N	\N	\N	\N	1	admin admin	Cancelled
TRN0000000283	116	2023-10-07 14:52:01.355504	2023-10-07 14:53:48.048407	\N	\N	\N	\N	1	admin admin	Cancelled
TRN0000000282	115	2023-10-07 14:52:00.063131	2023-10-07 14:53:50.49995	\N	\N	\N	\N	1	admin admin	Cancelled
TRN0000000284	101	2023-10-07 14:55:04.032317	2023-10-07 14:55:15.159603	\N	\N	\N	\N	1	admin admin	Cancelled
TRN0000000285	102	2023-10-07 14:55:05.512	2023-10-07 14:55:17.399721	\N	\N	\N	\N	1	admin admin	Cancelled
TRN0000000286	103	2023-10-07 14:55:06.836687	2023-10-07 14:55:21.691273	\N	\N	\N	\N	1	admin admin	Cancelled
TRN0000000287	104	2023-10-07 14:55:08.126498	2023-10-07 14:55:25.929948	\N	\N	\N	\N	1	admin admin	Cancelled
TRN0000000288	105	2023-10-07 14:55:09.321114	2023-10-07 14:55:28.016984	\N	\N	\N	\N	1	admin admin	Cancelled
TRN0000000289	106	2023-10-07 14:55:10.546881	2023-10-07 14:55:29.883928	\N	\N	\N	\N	1	admin admin	Cancelled
TRN0000000290	107	2023-10-07 14:55:11.67602	2023-10-07 14:55:31.517468	\N	\N	\N	\N	1	admin admin	Cancelled
TRN0000000291	108	2023-10-07 14:55:12.80962	2023-10-07 14:55:33.274737	\N	\N	\N	\N	1	admin admin	Cancelled
TRN0000000292	101	2023-10-07 14:58:06.12693	2023-10-07 14:58:25.288723	\N	\N	\N	\N	1	admin admin	Cancelled
TRN0000000293	102	2023-10-07 14:58:15.787649	2023-10-07 14:58:26.982559	\N	\N	\N	\N	1	admin admin	Cancelled
TRN0000000294	103	2023-10-07 14:58:17.099398	2023-10-07 14:58:28.535944	\N	\N	\N	\N	1	admin admin	Cancelled
TRN0000000295	104	2023-10-07 14:58:18.303131	2023-10-07 14:58:30.147711	\N	\N	\N	\N	1	admin admin	Cancelled
TRN0000000296	105	2023-10-07 14:58:19.377365	2023-10-07 14:58:31.858696	\N	\N	\N	\N	1	admin admin	Cancelled
TRN0000000297	106	2023-10-07 14:58:20.59222	2023-10-07 14:58:33.678358	\N	\N	\N	\N	1	admin admin	Cancelled
TRN0000000298	107	2023-10-07 14:58:21.719818	2023-10-07 14:58:35.488303	\N	\N	\N	\N	1	admin admin	Cancelled
TRN0000000299	108	2023-10-07 14:58:22.845083	2023-10-07 14:58:37.252507	\N	\N	\N	\N	1	admin admin	Cancelled
TRN0000000343	244	2023-10-07 15:00:04.382795	\N	250	3	3	0	1	\N	\N
TRN0000000317	118	2023-10-07 14:59:27.850808	2023-10-07 15:00:42.619105	\N	\N	\N	\N	1	admin admin	Cancelled
TRN0000000334	135	2023-10-07 14:59:48.781865	2023-10-07 15:00:46.709727	\N	\N	\N	\N	1	admin admin	Cancelled
TRN0000000300	101	2023-10-07 14:59:04.725583	2023-10-07 15:00:54.600305	\N	\N	\N	\N	1	admin admin	Cancelled
TRN0000000301	102	2023-10-07 14:59:05.868063	2023-10-07 15:00:57.354577	\N	\N	\N	\N	1	admin admin	Cancelled
TRN0000000303	104	2023-10-07 14:59:07.993041	2023-10-07 15:01:02.153654	\N	\N	\N	\N	1	admin admin	Cancelled
TRN0000000304	105	2023-10-07 14:59:09.764585	2023-10-07 15:01:03.8257	\N	\N	\N	\N	1	admin admin	Cancelled
TRN0000000306	107	2023-10-07 14:59:12.072956	2023-10-07 15:01:05.687237	\N	\N	\N	\N	1	admin admin	Cancelled
TRN0000000307	108	2023-10-07 14:59:15.016686	2023-10-07 15:01:08.536033	\N	\N	\N	\N	1	admin admin	Cancelled
TRN0000000309	110	2023-10-07 14:59:17.265357	2023-10-07 15:01:13.196662	\N	\N	\N	\N	1	admin admin	Cancelled
TRN0000000310	111	2023-10-07 14:59:18.685877	2023-10-07 15:01:15.991561	\N	\N	\N	\N	1	admin admin	Cancelled
TRN0000000311	112	2023-10-07 14:59:19.932291	2023-10-07 15:01:17.860676	\N	\N	\N	\N	1	admin admin	Cancelled
TRN0000000312	113	2023-10-07 14:59:21.455548	2023-10-07 15:01:19.736286	\N	\N	\N	\N	1	admin admin	Cancelled
TRN0000000314	115	2023-10-07 14:59:24.489838	2023-10-07 15:01:23.868527	\N	\N	\N	\N	1	admin admin	Cancelled
TRN0000000315	116	2023-10-07 14:59:25.732401	2023-10-07 15:01:25.532601	\N	\N	\N	\N	1	admin admin	Cancelled
TRN0000000316	117	2023-10-07 14:59:26.814308	2023-10-07 15:01:27.264234	\N	\N	\N	\N	1	admin admin	Cancelled
TRN0000000319	120	2023-10-07 14:59:30.027896	2023-10-07 15:01:30.39491	\N	\N	\N	\N	1	admin admin	Cancelled
TRN0000000320	121	2023-10-07 14:59:31.144394	2023-10-07 15:01:32.208959	\N	\N	\N	\N	1	admin admin	Cancelled
TRN0000000321	122	2023-10-07 14:59:32.099285	2023-10-07 15:01:33.864351	\N	\N	\N	\N	1	admin admin	Cancelled
TRN0000000322	123	2023-10-07 14:59:33.46498	2023-10-07 15:01:35.811731	\N	\N	\N	\N	1	admin admin	Cancelled
TRN0000000324	125	2023-10-07 14:59:35.55117	2023-10-07 15:01:39.953302	\N	\N	\N	\N	1	admin admin	Cancelled
TRN0000000325	126	2023-10-07 14:59:36.831487	2023-10-07 15:01:42.980578	\N	\N	\N	\N	1	admin admin	Cancelled
TRN0000000326	127	2023-10-07 14:59:38.181733	2023-10-07 15:01:44.963099	\N	\N	\N	\N	1	admin admin	Cancelled
TRN0000000328	129	2023-10-07 14:59:41.070243	2023-10-07 15:01:49.059639	\N	\N	\N	\N	1	admin admin	Cancelled
TRN0000000329	130	2023-10-07 14:59:42.267531	2023-10-07 15:01:50.934812	\N	\N	\N	\N	1	admin admin	Cancelled
TRN0000000331	132	2023-10-07 14:59:44.867132	2023-10-07 15:01:53.377982	\N	\N	\N	\N	1	admin admin	Cancelled
TRN0000000332	133	2023-10-07 14:59:46.338343	2023-10-07 15:01:55.316661	\N	\N	\N	\N	1	admin admin	Cancelled
TRN0000000335	136	2023-10-07 14:59:49.904295	2023-10-07 15:01:58.921248	\N	\N	\N	\N	1	admin admin	Cancelled
TRN0000000336	137	2023-10-07 14:59:51.080778	2023-10-07 15:02:00.772978	\N	\N	\N	\N	1	admin admin	Cancelled
TRN0000000337	138	2023-10-07 14:59:52.960899	2023-10-07 15:02:05.177655	\N	\N	\N	\N	1	admin admin	Cancelled
TRN0000000338	139	2023-10-07 14:59:54.210953	2023-10-07 15:02:07.635795	\N	\N	\N	\N	1	admin admin	Cancelled
TRN0000000340	141	2023-10-07 14:59:59.864362	2023-10-07 15:02:12.607877	\N	\N	\N	\N	1	admin admin	Cancelled
TRN0000000341	142	2023-10-07 15:00:01.133	2023-10-07 15:02:14.618038	\N	\N	\N	\N	1	admin admin	Cancelled
TRN0000000342	143	2023-10-07 15:00:02.382876	2023-10-07 15:02:16.382137	\N	\N	\N	\N	1	admin admin	Cancelled
TRN0000000345	246	2023-10-07 15:00:07.473482	2023-10-07 15:02:24.47284	\N	\N	\N	\N	1	admin admin	Cancelled
TRN0000000346	247	2023-10-07 15:00:08.56564	2023-10-07 15:02:26.529329	\N	\N	\N	\N	1	admin admin	Cancelled
TRN0000000347	248	2023-10-07 15:00:09.825413	2023-10-07 15:02:28.392191	\N	\N	\N	\N	1	admin admin	Cancelled
TRN0000000348	249	2023-10-07 15:00:10.844048	2023-10-07 15:02:30.031855	\N	\N	\N	\N	1	admin admin	Cancelled
TRN0000000349	250	2023-10-07 15:00:11.708449	2023-10-07 15:02:31.696062	\N	\N	\N	\N	1	admin admin	Cancelled
TRN0000000350	251	2023-10-07 15:00:13.063367	2023-10-07 15:02:33.586438	\N	\N	\N	\N	1	admin admin	Cancelled
TRN0000000305	106	2023-10-07 14:59:10.994405	2023-10-07 15:00:40.791186	\N	\N	\N	\N	1	admin admin	Cancelled
TRN0000000330	131	2023-10-07 14:59:43.503047	2023-10-07 15:00:44.854506	\N	\N	\N	\N	1	admin admin	Cancelled
TRN0000000366	267	2023-10-07 15:00:34.097784	2023-10-07 15:00:49.56776	\N	\N	\N	\N	1	admin admin	Cancelled
TRN0000000354	255	2023-10-07 15:00:18.023038	2023-10-07 15:00:51.419364	\N	\N	\N	\N	1	admin admin	Cancelled
TRN0000000302	103	2023-10-07 14:59:06.936532	2023-10-07 15:01:00.438616	\N	\N	\N	\N	1	admin admin	Cancelled
TRN0000000308	109	2023-10-07 14:59:16.190303	2023-10-07 15:01:10.297685	\N	\N	\N	\N	1	admin admin	Cancelled
TRN0000000313	114	2023-10-07 14:59:22.755107	2023-10-07 15:01:21.929239	\N	\N	\N	\N	1	admin admin	Cancelled
TRN0000000318	119	2023-10-07 14:59:28.947169	2023-10-07 15:01:28.791321	\N	\N	\N	\N	1	admin admin	Cancelled
TRN0000000323	124	2023-10-07 14:59:34.515457	2023-10-07 15:01:37.451072	\N	\N	\N	\N	1	admin admin	Cancelled
TRN0000000327	128	2023-10-07 14:59:39.811727	2023-10-07 15:01:47.112993	\N	\N	\N	\N	1	admin admin	Cancelled
TRN0000000333	134	2023-10-07 14:59:47.547931	2023-10-07 15:01:57.051834	\N	\N	\N	\N	1	admin admin	Cancelled
TRN0000000339	140	2023-10-07 14:59:55.353162	2023-10-07 15:02:09.52983	\N	\N	\N	\N	1	admin admin	Cancelled
TRN0000000344	245	2023-10-07 15:00:05.747202	2023-10-07 15:02:22.698011	\N	\N	\N	\N	1	admin admin	Cancelled
TRN0000000351	252	2023-10-07 15:00:14.510426	2023-10-07 15:02:35.341067	\N	\N	\N	\N	1	admin admin	Cancelled
TRN0000000352	253	2023-10-07 15:00:15.858201	2023-10-07 15:02:37.029492	\N	\N	\N	\N	1	admin admin	Cancelled
TRN0000000353	254	2023-10-07 15:00:16.952983	2023-10-07 15:02:38.800937	\N	\N	\N	\N	1	admin admin	Cancelled
TRN0000000355	256	2023-10-07 15:00:19.029625	2023-10-07 15:02:40.576866	\N	\N	\N	\N	1	admin admin	Cancelled
TRN0000000356	257	2023-10-07 15:00:20.126842	2023-10-07 15:02:42.512156	\N	\N	\N	\N	1	admin admin	Cancelled
TRN0000000357	258	2023-10-07 15:00:21.201715	2023-10-07 15:02:44.580305	\N	\N	\N	\N	1	admin admin	Cancelled
TRN0000000358	259	2023-10-07 15:00:23.322817	2023-10-07 15:02:46.392619	\N	\N	\N	\N	1	admin admin	Cancelled
TRN0000000359	260	2023-10-07 15:00:24.713893	2023-10-07 15:02:48.962937	\N	\N	\N	\N	1	admin admin	Cancelled
TRN0000000360	261	2023-10-07 15:00:26.912102	2023-10-07 15:02:51.841901	\N	\N	\N	\N	1	admin admin	Cancelled
TRN0000000361	262	2023-10-07 15:00:28.212672	2023-10-07 15:02:53.598327	\N	\N	\N	\N	1	admin admin	Cancelled
TRN0000000362	263	2023-10-07 15:00:29.388886	2023-10-07 15:02:55.379229	\N	\N	\N	\N	1	admin admin	Cancelled
TRN0000000363	264	2023-10-07 15:00:30.412739	2023-10-07 15:02:58.593872	\N	\N	\N	\N	1	admin admin	Cancelled
TRN0000000364	265	2023-10-07 15:00:31.746812	2023-10-07 15:03:00.369068	\N	\N	\N	\N	1	admin admin	Cancelled
TRN0000000365	266	2023-10-07 15:00:32.754658	2023-10-07 15:03:02.390359	\N	\N	\N	\N	1	admin admin	Cancelled
TRN0000000367	101	2023-10-14 10:55:11.51776	2023-10-14 10:55:25.868201	\N	\N	\N	\N	1	admin admin	Cancelled
TRN0000000368	102	2023-10-14 10:55:12.629991	2023-10-14 10:55:27.535969	\N	\N	\N	\N	1	admin admin	Cancelled
TRN0000000369	103	2023-10-14 10:55:13.812658	2023-10-14 10:55:29.24954	\N	\N	\N	\N	1	admin admin	Cancelled
TRN0000000370	104	2023-10-14 10:55:15.73635	2023-10-14 10:55:30.782914	\N	\N	\N	\N	1	admin admin	Cancelled
TRN0000000371	105	2023-10-14 10:55:16.885208	2023-10-14 10:55:32.259471	\N	\N	\N	\N	1	admin admin	Cancelled
TRN0000000372	106	2023-10-14 10:55:17.976583	2023-10-14 10:55:33.784611	\N	\N	\N	\N	1	admin admin	Cancelled
TRN0000000373	107	2023-10-14 10:55:19.130943	2023-10-14 10:55:35.59763	\N	\N	\N	\N	1	admin admin	Cancelled
TRN0000000374	108	2023-10-14 10:55:20.232427	2023-10-14 10:55:39.441272	\N	\N	\N	\N	1	admin admin	Cancelled
TRN0000000375	101	2023-10-14 10:57:13.112577	2023-10-14 10:57:28.840857	\N	\N	\N	\N	1	admin admin	Cancelled
TRN0000000376	102	2023-10-14 10:57:14.792378	2023-10-14 10:57:30.926127	\N	\N	\N	\N	1	admin admin	Cancelled
TRN0000000377	103	2023-10-14 10:57:15.942722	2023-10-14 10:57:47.469101	\N	\N	\N	\N	1	admin admin	Cancelled
TRN0000000378	104	2023-10-14 10:57:17.215439	2023-10-14 10:57:49.067992	\N	\N	\N	\N	1	admin admin	Cancelled
TRN0000000379	105	2023-10-14 10:57:18.868788	2023-10-14 10:57:50.831402	\N	\N	\N	\N	1	admin admin	Cancelled
TRN0000000380	106	2023-10-14 10:57:20.483128	2023-10-14 10:57:53.196984	\N	\N	\N	\N	1	admin admin	Cancelled
TRN0000000381	107	2023-10-14 10:57:21.808864	2023-10-14 10:57:54.839854	\N	\N	\N	\N	1	admin admin	Cancelled
TRN0000000382	108	2023-10-14 10:57:23.082032	2023-10-14 10:57:56.513047	\N	\N	\N	\N	1	admin admin	Cancelled
TRN0000000383	101	2023-10-14 11:45:19.491149	2023-10-14 11:45:30.267092	\N	\N	\N	\N	1	admin admin	Cancelled
TRN0000000384	101	2023-10-14 11:45:53.218655	2023-10-14 11:46:02.124948	\N	\N	\N	\N	1	admin admin	Cancelled
TRN0000000385	102	2023-10-14 11:45:57.699509	2023-10-14 11:46:04.097677	\N	\N	\N	\N	1	admin admin	Cancelled
TRN0000000386	101	2023-10-14 11:46:21.16012	2023-10-14 11:46:30.589593	\N	\N	\N	\N	1	admin admin	Cancelled
TRN0000000387	102	2023-10-14 11:46:24.889529	2023-10-14 11:46:32.470036	\N	\N	\N	\N	1	admin admin	Cancelled
TRN0000000388	103	2023-10-14 11:46:26.276991	2023-10-14 11:46:34.637454	\N	\N	\N	\N	1	admin admin	Cancelled
TRN0000000389	104	2023-10-14 11:46:28.453834	2023-10-14 11:46:36.268273	\N	\N	\N	\N	1	admin admin	Cancelled
TRN0000000392	101	2023-10-14 11:48:07.291141	2023-10-14 11:48:15.755041	\N	\N	\N	\N	1	admin admin	Cancelled
TRN0000000393	102	2023-10-14 11:48:09.099833	2023-10-14 11:48:19.406779	\N	\N	\N	\N	1	admin admin	Cancelled
TRN0000000394	103	2023-10-14 11:48:17.449506	2023-10-14 11:48:21.093405	\N	\N	\N	\N	1	admin admin	Cancelled
TRN0000000395	117	2023-10-14 11:48:23.551878	2023-10-14 11:48:30.416442	\N	\N	\N	\N	1	admin admin	Cancelled
TRN0000000399	102	2023-10-14 11:50:27.430357	2023-10-14 11:50:49.702683	\N	\N	\N	\N	1	admin admin	Cancelled
TRN0000000398	101	2023-10-14 11:50:23.1271	2023-10-14 11:50:54.462334	\N	\N	\N	\N	1	admin admin	Cancelled
TRN0000000400	116	2023-10-14 11:50:33.048585	2023-10-14 11:51:04.218801	\N	\N	\N	\N	1	admin admin	Cancelled
TRN0000000401	117	2023-10-14 11:51:12.382789	2023-10-14 11:53:44.860974	\N	\N	\N	\N	1	admin admin	Cancelled
TRN0000000402	118	2023-10-14 11:51:14.8356	2023-10-14 11:53:54.599743	\N	\N	\N	\N	1	admin admin	Cancelled
TRN0000000403	119	2023-10-14 11:51:17.106533	2023-10-14 11:53:59.13941	\N	\N	\N	\N	1	admin admin	Cancelled
TRN0000000404	121	2023-10-14 11:51:19.059871	2023-10-14 11:54:18.355901	\N	\N	\N	\N	1	admin admin	Cancelled
TRN0000000412	107	2023-10-14 11:54:32.890146	2023-10-14 11:56:04.869831	\N	\N	\N	\N	1	admin admin	Cancelled
TRN0000000411	108	2023-10-14 11:54:23.172188	2023-10-14 11:56:10.015071	\N	\N	\N	\N	1	admin admin	Cancelled
TRN0000000396	120	2023-10-14 11:49:52.597957	2023-10-14 11:56:22.899843	\N	\N	\N	\N	1	admin admin	Cancelled
TRN0000000405	122	2023-10-14 11:51:20.803518	2023-10-14 11:56:27.034441	\N	\N	\N	\N	1	admin admin	Cancelled
TRN0000000406	123	2023-10-14 11:51:22.575793	2023-10-14 12:00:33.014027	\N	\N	\N	\N	1	admin admin	Cancelled
TRN0000000397	140	2023-10-14 11:50:12.766435	2023-10-14 12:01:12.837095	\N	\N	\N	\N	1	admin admin	Cancelled
TRN0000000410	260	2023-10-14 11:53:30.001949	2023-10-14 12:03:11.373875	\N	\N	\N	\N	1	admin admin	Cancelled
TRN0000000391	259	2023-10-14 11:48:04.85042	2023-10-14 12:03:13.259587	\N	\N	\N	\N	1	admin admin	Cancelled
TRN0000000390	267	2023-10-14 11:48:03.263824	2023-10-14 12:03:14.947832	\N	\N	\N	\N	1	admin admin	Cancelled
TRN0000000409	142	2023-10-14 11:53:18.980305	2023-10-14 12:03:16.998623	\N	\N	\N	\N	1	admin admin	Cancelled
TRN0000000408	138	2023-10-14 11:53:14.722998	2023-10-14 12:03:19.440393	\N	\N	\N	\N	1	admin admin	Cancelled
TRN0000000407	124	2023-10-14 11:51:24.277839	2023-10-14 12:03:21.219704	\N	\N	\N	\N	1	admin admin	Cancelled
TRN0000000418	120	2023-10-14 12:01:01.721843	2023-10-14 12:03:25.28361	\N	\N	\N	\N	1	admin admin	Cancelled
TRN0000000415	117	2023-10-14 12:00:25.712768	2023-10-14 12:03:40.277415	\N	\N	\N	\N	1	admin admin	Cancelled
TRN0000000414	101	2023-10-14 12:00:19.104933	2023-10-14 12:03:42.91415	\N	\N	\N	\N	1	admin admin	Cancelled
TRN0000000413	105	2023-10-14 11:55:42.596659	2023-10-14 12:03:44.662698	\N	\N	\N	\N	1	admin admin	Cancelled
TRN0000000417	111	2023-10-14 12:00:51.787957	2023-10-14 12:03:46.836839	\N	\N	\N	\N	1	admin admin	Cancelled
TRN0000000416	113	2023-10-14 12:00:43.334475	2023-10-14 12:03:48.87957	\N	\N	\N	\N	1	admin admin	Cancelled
TRN0000000419	101	2023-10-28 15:00:51.587223	2023-10-28 15:00:54.156605	\N	\N	\N	\N	1	admin admin	Cancelled
\.


--
-- TOC entry 3354 (class 0 OID 16510)
-- Dependencies: 220
-- Data for Name: users; Type: TABLE DATA; Schema: public; Owner: postgres
--

COPY public.users (id, first_name, last_name, username, password, admin, dt_created, dt_updated) FROM stdin;
1	admin	admin	admin	$2a$10$CBD3AOfMwGXtfnGeBUTtpuogYnqouEs8gHhkAk6zz22i5mmHFUL8K	t	2023-08-12 11:40:56.16898	2023-08-12 11:40:56.16898
2	user	user	user	$2a$10$m7x0tu.4.hx6/QmPF2EvlezHy1ezXjphcWj43r/DZfzevhkFyrvjy	f	2023-09-30 13:06:58.227159	2023-09-30 13:06:58.227159
\.


--
-- TOC entry 3362 (class 0 OID 0)
-- Dependencies: 215
-- Name: rates_rate_id_seq; Type: SEQUENCE SET; Schema: public; Owner: postgres
--

SELECT pg_catalog.setval('public.rates_rate_id_seq', 5, true);


--
-- TOC entry 3363 (class 0 OID 0)
-- Dependencies: 217
-- Name: transaction_ref_no_seq; Type: SEQUENCE SET; Schema: public; Owner: postgres
--

SELECT pg_catalog.setval('public.transaction_ref_no_seq', 419, true);


--
-- TOC entry 3364 (class 0 OID 0)
-- Dependencies: 219
-- Name: users_id_seq; Type: SEQUENCE SET; Schema: public; Owner: postgres
--

SELECT pg_catalog.setval('public.users_id_seq', 2, true);


--
-- TOC entry 3197 (class 2606 OID 16519)
-- Name: rates rates_pkey; Type: CONSTRAINT; Schema: public; Owner: postgres
--

ALTER TABLE ONLY public.rates
    ADD CONSTRAINT rates_pkey PRIMARY KEY (rate_id);


--
-- TOC entry 3199 (class 2606 OID 16521)
-- Name: rooms rooms_pkey; Type: CONSTRAINT; Schema: public; Owner: postgres
--

ALTER TABLE ONLY public.rooms
    ADD CONSTRAINT rooms_pkey PRIMARY KEY (room_no);


--
-- TOC entry 3201 (class 2606 OID 16523)
-- Name: transactions transactions_pkey; Type: CONSTRAINT; Schema: public; Owner: postgres
--

ALTER TABLE ONLY public.transactions
    ADD CONSTRAINT transactions_pkey PRIMARY KEY (transaction_no);


--
-- TOC entry 3203 (class 2606 OID 16525)
-- Name: users users_pkey; Type: CONSTRAINT; Schema: public; Owner: postgres
--

ALTER TABLE ONLY public.users
    ADD CONSTRAINT users_pkey PRIMARY KEY (id);


--
-- TOC entry 3205 (class 2606 OID 16527)
-- Name: users users_username_key; Type: CONSTRAINT; Schema: public; Owner: postgres
--

ALTER TABLE ONLY public.users
    ADD CONSTRAINT users_username_key UNIQUE (username);


-- Completed on 2023-10-28 15:37:41

--
-- PostgreSQL database dump complete
--

